created_at,entry_id,field1,field2,field3,field4,field5,field6
2017-12-25 16:21:24 UTC,1,21.07,48.32,9.73,3.43,97,576
2017-12-25 16:22:34 UTC,2,20.78,48.70,9.58,3.43,97,576
2017-12-25 16:23:43 UTC,3,20.68,49.08,9.60,3.43,97,576
2017-12-25 16:24:53 UTC,4,20.58,49.15,9.53,3.43,96,575
2017-12-25 16:26:04 UTC,5,20.58,49.27,9.57,3.43,96,575
2017-12-25 16:27:13 UTC,6,20.59,49.23,9.57,3.42,96,575
2017-12-25 16:28:23 UTC,7,20.55,49.22,9.52,3.42,96,574
2017-12-25 16:29:33 UTC,8,20.62,49.27,9.61,3.42,95,574
2017-12-25 16:30:42 UTC,9,20.55,49.29,9.55,3.42,95,574
2017-12-25 16:31:52 UTC,10,20.41,49.63,9.52,3.42,95,572
2017-12-25 16:33:03 UTC,11,20.44,49.61,9.54,3.42,95,574
2017-12-25 16:34:15 UTC,12,20.54,49.22,9.51,3.40,95,573
2017-12-25 16:35:26 UTC,13,20.54,49.12,9.48,3.41,94,572
2017-12-25 16:36:37 UTC,14,20.58,48.95,9.47,3.41,94,572
2017-12-25 16:37:48 UTC,15,20.68,49.17,9.63,3.41,94,572
2017-12-25 16:38:58 UTC,16,20.82,45.46,8.59,3.41,92,570
2017-12-25 16:40:08 UTC,17,20.63,48.55,9.40,3.41,93,571
2017-12-25 16:41:19 UTC,18,20.59,48.56,9.37,3.40,93,571
2017-12-25 16:42:32 UTC,19,20.65,48.52,9.41,3.39,93,571
2017-12-25 16:43:44 UTC,20,20.59,48.69,9.41,3.40,93,571
2017-12-25 16:44:54 UTC,21,20.62,48.56,9.39,3.39,91,571
2017-12-25 16:46:05 UTC,22,20.59,48.57,9.37,3.40,92,570
2017-12-25 16:47:15 UTC,23,20.63,48.49,9.38,3.40,91,568
2017-12-25 16:48:26 UTC,24,20.63,48.51,9.39,3.39,90,568
2017-12-25 16:49:38 UTC,25,20.66,48.36,9.37,3.39,91,569
2017-12-25 16:50:47 UTC,26,20.65,48.38,9.36,3.39,90,569
2017-12-25 16:51:59 UTC,27,20.63,48.38,9.35,3.38,90,568
2017-12-25 16:53:09 UTC,28,20.66,48.34,9.36,3.39,90,568
2017-12-25 16:54:18 UTC,29,20.65,48.25,9.32,3.39,90,568
2017-12-25 16:55:28 UTC,30,20.65,48.28,9.33,3.39,90,568
2017-12-25 16:56:38 UTC,31,20.58,48.40,9.30,3.37,90,568
2017-12-25 16:57:47 UTC,32,20.59,48.35,9.30,3.39,90,568
2017-12-25 16:58:58 UTC,33,20.61,48.33,9.31,3.38,90,568
2017-12-25 17:00:09 UTC,34,20.63,48.21,9.29,3.38,90,566
2017-12-25 17:01:18 UTC,35,20.68,48.13,9.31,3.38,90,567
2017-12-25 17:02:28 UTC,36,20.71,48.04,9.31,3.38,90,567
2017-12-25 17:03:39 UTC,37,20.65,48.12,9.28,3.39,90,567
2017-12-25 17:04:49 UTC,38,20.68,48.04,9.28,3.38,90,567
2017-12-25 17:05:58 UTC,39,20.49,48.38,9.22,3.38,89,567
2017-12-25 17:07:08 UTC,40,20.45,48.52,9.22,3.38,89,567
2017-12-25 17:08:20 UTC,41,20.49,48.43,9.23,3.37,88,566
2017-12-25 17:09:29 UTC,42,20.52,48.43,9.26,3.38,89,567
2017-12-25 17:10:39 UTC,43,20.49,48.43,9.23,3.37,90,566
2017-12-25 17:11:49 UTC,44,20.54,48.34,9.25,3.37,88,566
2017-12-25 17:12:58 UTC,45,20.51,48.39,9.23,3.36,89,565
2017-12-25 17:14:08 UTC,46,20.51,48.38,9.23,3.37,87,566
2017-12-25 17:15:19 UTC,47,20.62,48.20,9.28,3.37,89,566
2017-12-25 17:16:29 UTC,48,20.52,48.27,9.21,3.37,88,566
2017-12-25 17:17:38 UTC,49,20.52,48.27,9.21,3.36,89,565
2017-12-25 17:18:49 UTC,50,20.54,48.23,9.21,3.37,89,565
2017-12-25 17:19:58 UTC,51,20.58,48.18,9.23,3.37,88,565
2017-12-25 17:21:08 UTC,52,20.61,48.12,9.24,3.37,88,565
2017-12-25 17:22:20 UTC,53,20.58,48.16,9.23,3.36,88,565
2017-12-25 17:23:30 UTC,54,20.56,48.12,9.20,3.37,86,563
2017-12-25 17:24:39 UTC,55,20.62,48.07,9.24,3.37,88,565
2017-12-25 17:25:51 UTC,56,20.69,47.89,9.25,3.37,88,565
2017-12-25 17:27:01 UTC,57,20.62,48.06,9.24,3.36,88,565
2017-12-25 17:28:10 UTC,58,20.68,48.03,9.28,3.37,87,564
2017-12-25 17:29:20 UTC,59,20.73,47.86,9.28,3.37,86,565
2017-12-25 17:30:31 UTC,60,20.78,47.70,9.27,3.36,88,565
2017-12-25 17:31:41 UTC,61,20.75,47.84,9.28,3.36,87,564
2017-12-25 17:32:52 UTC,62,20.82,47.59,9.27,3.36,88,564
2017-12-25 17:34:02 UTC,63,20.82,47.57,9.27,3.36,86,564
2017-12-25 17:35:12 UTC,64,20.83,47.56,9.28,3.36,86,564
2017-12-25 17:36:21 UTC,65,20.83,47.52,9.26,3.36,87,564
2017-12-25 17:37:31 UTC,66,20.84,47.50,9.27,3.35,87,563
2017-12-25 17:38:42 UTC,67,20.84,47.38,9.23,3.36,87,564
2017-12-25 17:39:52 UTC,68,20.90,47.32,9.26,3.36,87,563
2017-12-25 17:41:04 UTC,69,20.87,47.30,9.23,3.36,87,562
2017-12-25 17:42:14 UTC,70,20.90,47.24,9.24,3.36,87,562
2017-12-25 17:43:25 UTC,71,20.93,47.18,9.25,3.36,87,564
2017-12-25 17:44:35 UTC,72,20.91,47.07,9.20,3.35,85,563
2017-12-25 17:45:47 UTC,73,20.91,47.09,9.20,3.36,86,563
2017-12-25 17:46:58 UTC,74,20.90,47.04,9.17,3.36,86,563
2017-12-25 17:48:07 UTC,75,20.94,46.96,9.19,3.36,86,563
2017-12-25 17:49:17 UTC,76,20.96,46.92,9.19,3.35,86,563
2017-12-25 17:50:29 UTC,77,20.91,46.87,9.13,3.35,86,563
2017-12-25 17:51:39 UTC,78,20.89,46.88,9.11,3.35,85,562
2017-12-25 17:52:49 UTC,79,20.86,46.85,9.08,3.35,86,560
2017-12-25 17:53:59 UTC,80,20.87,46.78,9.07,3.36,86,563
2017-12-25 17:55:10 UTC,81,20.89,46.81,9.09,3.35,86,563
2017-12-25 17:56:20 UTC,82,20.86,46.75,9.04,3.34,84,563
2017-12-25 17:57:30 UTC,83,20.89,46.74,9.07,3.35,86,562
2017-12-25 17:58:40 UTC,84,20.93,46.57,9.05,3.35,86,562
2017-12-25 17:59:49 UTC,85,20.87,46.53,8.99,3.35,86,562
2017-12-25 18:00:59 UTC,86,20.83,46.66,8.99,3.35,85,561
2017-12-25 18:02:09 UTC,87,20.86,46.51,8.97,3.34,84,561
2017-12-25 18:03:19 UTC,88,20.84,46.55,8.97,3.35,84,561
2017-12-25 18:04:28 UTC,89,20.84,46.56,8.97,3.34,84,560
2017-12-25 18:05:38 UTC,90,20.83,46.45,8.92,3.34,86,559
2017-12-25 18:06:48 UTC,91,20.80,46.43,8.89,3.34,85,562
2017-12-25 18:07:57 UTC,92,20.79,46.47,8.89,3.34,85,560
2017-12-25 18:09:08 UTC,93,20.73,46.56,8.87,3.34,84,560
2017-12-25 18:10:18 UTC,94,20.68,46.59,8.83,3.34,84,560
2017-12-25 18:11:28 UTC,95,20.71,46.49,8.82,3.34,84,560
2017-12-25 18:12:37 UTC,96,20.72,46.47,8.83,3.34,84,559
2017-12-25 18:13:47 UTC,97,20.65,46.42,8.75,3.35,85,559
2017-12-25 18:14:56 UTC,98,20.71,46.42,8.80,3.34,85,559
2017-12-25 18:16:06 UTC,99,20.73,46.36,8.81,3.33,83,560
2017-12-25 18:17:16 UTC,100,20.71,46.28,8.75,3.34,85,560
2017-12-25 18:18:26 UTC,101,20.72,46.29,8.77,3.33,83,559
2017-12-25 18:19:39 UTC,102,20.72,46.25,8.76,3.33,84,559
2017-12-25 18:20:49 UTC,103,20.66,46.29,8.72,3.33,83,560
2017-12-25 18:21:58 UTC,104,20.69,46.23,8.72,3.34,84,561
2017-12-25 18:23:08 UTC,105,20.59,46.26,8.65,3.33,84,560
2017-12-25 18:24:20 UTC,106,20.62,46.23,8.66,3.33,82,559
2017-12-25 18:25:30 UTC,107,20.62,46.20,8.65,3.33,83,558
2017-12-25 18:26:39 UTC,108,20.62,46.10,8.62,3.33,83,559
2017-12-25 18:27:49 UTC,109,20.55,46.22,8.59,3.33,84,559
2017-12-25 18:29:00 UTC,110,20.63,46.04,8.61,3.33,83,559
2017-12-25 18:30:11 UTC,111,20.66,45.96,8.61,3.33,83,559
2017-12-25 18:31:23 UTC,112,20.68,45.90,8.61,3.33,83,559
2017-12-25 18:32:33 UTC,113,20.68,45.93,8.61,3.33,84,559
2017-12-25 18:33:45 UTC,114,20.59,46.03,8.57,3.33,82,558
2017-12-25 18:34:55 UTC,115,20.56,45.96,8.52,3.33,82,558
2017-12-25 18:36:04 UTC,116,20.63,45.90,8.57,3.33,81,558
2017-12-25 18:37:13 UTC,117,20.59,45.93,8.54,3.33,83,558
2017-12-25 18:38:23 UTC,118,20.63,45.86,8.55,3.33,83,559
2017-12-25 18:39:33 UTC,119,20.68,45.81,8.58,3.32,81,558
2017-12-25 18:40:42 UTC,120,20.68,45.77,8.56,3.33,82,558
2017-12-25 18:41:52 UTC,121,20.65,45.79,8.55,3.32,82,558
2017-12-25 18:43:02 UTC,122,20.68,45.75,8.56,3.33,81,558
2017-12-25 18:44:11 UTC,123,20.59,45.87,8.52,3.33,83,558
2017-12-25 18:45:23 UTC,124,20.56,45.98,8.53,3.33,82,557
2017-12-25 18:46:33 UTC,125,20.61,45.92,8.55,3.33,82,558
2017-12-25 18:47:42 UTC,126,20.62,45.88,8.55,3.32,82,558
2017-12-25 18:48:52 UTC,127,20.66,45.90,8.59,3.33,82,558
2017-12-25 18:50:02 UTC,128,20.61,45.92,8.55,3.33,82,557
2017-12-25 18:51:12 UTC,129,20.62,45.90,8.55,3.32,81,558
2017-12-25 18:52:22 UTC,130,20.61,45.95,8.56,3.33,82,556
2017-12-25 18:53:31 UTC,131,20.65,45.90,8.58,3.32,82,558
2017-12-25 18:54:43 UTC,132,20.65,45.87,8.57,3.33,82,558
2017-12-25 18:55:53 UTC,133,20.73,45.75,8.61,3.33,81,558
2017-12-25 18:57:03 UTC,134,20.72,45.78,8.61,3.33,81,558
2017-12-25 18:58:12 UTC,135,20.66,45.85,8.58,3.32,82,557
2017-12-25 18:59:22 UTC,136,20.63,45.84,8.55,3.32,81,558
2017-12-25 19:00:32 UTC,137,20.68,45.82,8.58,3.33,81,557
2017-12-25 19:01:40 UTC,138,20.63,45.88,8.56,3.32,81,557
2017-12-25 19:02:50 UTC,139,20.62,45.97,8.58,3.33,81,556
2017-12-25 19:03:58 UTC,140,20.63,45.91,8.57,3.32,81,557
2017-12-25 19:05:10 UTC,141,20.66,45.89,8.59,3.32,81,556
2017-12-25 19:06:19 UTC,142,20.73,45.75,8.61,3.32,81,557
2017-12-25 19:07:28 UTC,143,20.78,45.68,8.62,3.31,82,557
2017-12-25 19:08:38 UTC,144,20.76,45.65,8.60,3.32,81,557
2017-12-25 19:09:48 UTC,145,20.76,45.65,8.60,3.32,81,557
2017-12-25 19:10:57 UTC,146,20.75,45.67,8.60,3.32,81,557
2017-12-25 19:12:07 UTC,147,20.73,45.67,8.58,3.32,80,556
2017-12-25 19:13:19 UTC,148,20.79,45.65,8.63,3.32,81,557
2017-12-25 19:14:27 UTC,149,20.76,45.70,8.62,3.32,81,557
2017-12-25 19:15:37 UTC,150,20.69,45.82,8.59,3.32,80,556
2017-12-25 19:16:46 UTC,151,20.66,46.00,8.62,3.32,81,555
2017-12-25 19:17:58 UTC,152,20.61,46.10,8.61,3.32,81,556
2017-12-25 19:19:07 UTC,153,20.66,46.01,8.63,3.32,81,557
2017-12-25 19:20:16 UTC,154,20.72,45.93,8.65,3.32,81,555
2017-12-25 19:21:28 UTC,155,20.76,45.86,8.67,3.32,81,556
2017-12-25 19:22:37 UTC,156,20.76,45.84,8.67,3.32,81,556
2017-12-25 19:23:46 UTC,157,20.80,45.79,8.68,3.31,80,557
2017-12-25 19:24:58 UTC,158,20.82,45.78,8.69,3.32,81,556
2017-12-25 19:26:07 UTC,159,20.87,45.73,8.73,3.31,81,556
2017-12-25 19:27:17 UTC,160,20.93,45.58,8.73,3.31,81,554
2017-12-25 19:28:27 UTC,161,20.93,45.61,8.74,3.31,81,556
2017-12-25 19:29:36 UTC,162,20.99,45.50,8.76,3.32,81,557
2017-12-25 19:30:45 UTC,163,20.97,45.53,8.75,3.32,81,556
2017-12-25 19:31:55 UTC,164,20.97,45.64,8.79,3.32,81,556
2017-12-25 19:33:06 UTC,165,21.01,45.48,8.78,3.31,81,556
2017-12-25 19:34:15 UTC,166,21.00,45.45,8.75,3.30,81,556
2017-12-25 19:35:27 UTC,167,20.99,45.55,8.77,3.32,81,556
2017-12-25 19:36:37 UTC,168,20.96,45.64,8.78,3.32,79,556
2017-12-25 19:37:47 UTC,169,20.96,45.62,8.77,3.31,79,556
2017-12-25 19:38:56 UTC,170,21.01,45.53,8.79,3.30,79,555
2017-12-25 19:40:06 UTC,171,21.03,45.50,8.79,3.32,81,555
2017-12-25 19:41:16 UTC,172,21.06,45.46,8.81,3.32,81,556
2017-12-25 19:42:27 UTC,173,21.01,45.52,8.79,3.32,81,556
2017-12-25 19:43:37 UTC,174,21.04,45.55,8.83,3.32,81,556
2017-12-25 19:44:47 UTC,175,21.10,45.46,8.85,3.32,81,556
2017-12-25 19:45:55 UTC,176,21.00,45.64,8.81,3.32,81,556
2017-12-25 19:47:05 UTC,177,21.03,45.55,8.81,3.31,81,556
2017-12-25 19:48:14 UTC,178,21.00,45.60,8.80,3.30,80,553
2017-12-25 19:49:23 UTC,179,21.01,45.66,8.83,3.30,80,555
2017-12-25 19:50:33 UTC,180,21.01,45.54,8.80,3.30,78,555
2017-12-25 19:51:45 UTC,181,21.06,45.52,8.83,3.31,81,555
2017-12-25 19:52:55 UTC,182,21.00,45.65,8.82,3.30,79,555
2017-12-25 19:54:04 UTC,183,20.97,45.65,8.79,3.32,80,556
2017-12-25 19:55:14 UTC,184,21.01,45.57,8.81,3.31,80,555
2017-12-25 19:56:24 UTC,185,21.01,45.64,8.83,3.31,80,555
2017-12-25 19:57:34 UTC,186,20.96,45.68,8.79,3.31,80,555
2017-12-25 19:58:43 UTC,187,20.94,45.64,8.77,3.31,79,555
2017-12-25 19:59:52 UTC,188,20.99,45.65,8.81,3.31,80,555
2017-12-25 20:01:02 UTC,189,21.13,46.50,9.21,3.31,80,553
2017-12-25 20:02:13 UTC,190,21.27,45.69,9.08,3.31,80,555
2017-12-25 20:03:22 UTC,191,21.49,45.17,9.11,3.31,80,556
2017-12-25 20:04:34 UTC,192,21.59,44.99,9.14,3.31,80,554
2017-12-25 20:05:43 UTC,193,21.58,45.15,9.18,3.31,78,555
2017-12-25 20:06:53 UTC,194,21.62,45.09,9.20,3.31,80,553
2017-12-25 20:08:03 UTC,195,21.58,45.20,9.20,3.31,80,553
2017-12-25 20:09:13 UTC,196,21.52,45.27,9.17,3.31,78,553
2017-12-25 20:10:23 UTC,197,21.68,45.14,9.27,3.31,78,555
2017-12-25 20:11:32 UTC,198,21.69,45.16,9.29,3.29,79,555
2017-12-25 20:12:42 UTC,199,21.68,45.17,9.28,3.31,80,554
2017-12-25 20:13:52 UTC,200,21.68,45.14,9.27,3.32,80,555
2017-12-25 20:15:02 UTC,201,21.72,45.22,9.33,3.31,77,555
2017-12-25 20:16:11 UTC,202,21.80,45.17,9.39,3.30,78,555
2017-12-25 20:17:21 UTC,203,21.69,45.36,9.35,3.30,80,554
2017-12-25 20:18:31 UTC,204,21.78,45.18,9.37,3.30,78,555
2017-12-25 20:19:40 UTC,205,21.85,45.05,9.39,3.29,77,553
2017-12-25 20:20:50 UTC,206,21.85,45.09,9.41,3.30,79,554
2017-12-25 20:21:59 UTC,207,21.83,45.12,9.40,3.30,80,555
2017-12-25 20:23:09 UTC,208,21.79,45.27,9.41,3.30,79,554
2017-12-25 20:24:19 UTC,209,21.89,45.31,9.52,3.30,79,553
2017-12-25 20:25:28 UTC,210,21.88,45.17,9.46,3.31,78,555
2017-12-25 20:26:38 UTC,211,21.86,45.38,9.51,3.30,79,554
2017-12-25 20:27:48 UTC,212,21.99,44.83,9.45,3.30,79,554
2017-12-25 20:28:58 UTC,213,21.93,45.13,9.50,3.31,77,553
2017-12-25 20:30:07 UTC,214,21.85,45.10,9.41,3.30,79,554
2017-12-25 20:31:17 UTC,215,21.75,45.15,9.34,3.30,77,552
2017-12-25 20:32:27 UTC,216,21.88,44.93,9.38,3.30,79,552
2017-12-25 20:33:36 UTC,217,21.88,44.89,9.37,3.29,78,552
2017-12-25 20:34:46 UTC,218,21.86,44.77,9.31,3.30,77,554
2017-12-25 20:35:55 UTC,219,21.88,44.73,9.31,3.30,79,554
2017-12-25 20:37:05 UTC,220,21.80,44.82,9.28,3.29,79,554
2017-12-25 20:38:16 UTC,221,21.85,44.77,9.30,3.30,79,553
2017-12-25 20:39:24 UTC,222,21.90,44.59,9.29,3.30,78,553
2017-12-25 20:40:35 UTC,223,21.89,44.54,9.26,3.30,79,554
2017-12-25 20:41:45 UTC,224,21.97,44.32,9.26,3.30,79,554
2017-12-25 20:42:55 UTC,225,21.86,44.60,9.25,3.30,79,554
2017-12-25 20:44:04 UTC,226,21.76,44.69,9.20,3.30,79,554
2017-12-25 20:45:14 UTC,227,21.80,44.61,9.21,3.30,79,554
2017-12-25 20:46:24 UTC,228,21.82,44.51,9.19,3.29,79,554
2017-12-25 20:47:33 UTC,229,21.73,44.62,9.15,3.29,78,552
2017-12-25 20:48:43 UTC,230,21.78,44.61,9.18,3.30,78,553
2017-12-25 20:49:53 UTC,231,21.75,44.61,9.16,3.30,78,551
2017-12-25 20:51:02 UTC,232,21.68,44.70,9.12,3.29,77,553
2017-12-25 20:52:13 UTC,233,21.64,44.79,9.11,3.29,77,553
2017-12-25 20:53:23 UTC,234,21.72,44.67,9.15,3.29,77,552
2017-12-25 20:54:32 UTC,235,21.70,44.55,9.10,3.30,78,551
2017-12-25 20:55:43 UTC,236,21.48,44.96,9.03,3.30,77,552
2017-12-25 20:56:52 UTC,237,21.48,44.98,9.04,3.29,77,552
2017-12-25 20:58:01 UTC,238,21.59,44.79,9.08,3.29,77,551
2017-12-25 20:59:12 UTC,239,21.51,44.78,8.99,3.29,76,553
2017-12-25 21:00:22 UTC,240,21.48,45.00,9.04,3.29,77,552
2017-12-25 21:01:32 UTC,241,21.31,45.21,8.96,3.30,76,552
2017-12-25 21:02:40 UTC,242,21.25,45.31,8.94,3.29,77,550
2017-12-25 21:03:50 UTC,243,21.24,45.31,8.93,3.29,77,550
2017-12-25 21:05:00 UTC,244,21.13,45.51,8.89,3.29,77,551
2017-12-25 21:06:10 UTC,245,21.03,45.77,8.88,3.29,77,551
2017-12-25 21:07:20 UTC,246,20.91,45.93,8.83,3.29,77,552
2017-12-25 21:08:32 UTC,247,20.99,45.83,8.87,3.30,77,550
2017-12-25 21:09:43 UTC,248,21.09,45.68,8.91,3.29,77,551
2017-12-25 21:10:51 UTC,249,21.10,45.66,8.91,3.29,77,551
2017-12-25 21:12:01 UTC,250,21.35,45.50,9.09,3.28,78,550
2017-12-25 21:13:11 UTC,251,21.38,45.40,9.09,3.29,77,551
2017-12-25 21:14:20 UTC,252,21.25,45.70,9.07,3.29,76,552
2017-12-25 21:15:30 UTC,253,21.18,45.97,9.09,3.29,77,551
2017-12-25 21:16:40 UTC,254,21.31,45.66,9.10,3.29,77,552
2017-12-25 21:17:52 UTC,255,21.51,45.29,9.16,3.29,75,551
2017-12-25 21:19:01 UTC,256,21.62,44.88,9.13,3.28,76,550
2017-12-25 21:20:11 UTC,257,21.68,44.74,9.14,3.28,76,552
2017-12-25 21:21:23 UTC,258,21.69,44.76,9.16,3.28,77,551
2017-12-25 21:22:36 UTC,259,21.75,44.67,9.18,3.29,77,551
2017-12-25 21:23:45 UTC,260,21.79,44.64,9.21,3.29,76,551
2017-12-25 21:24:55 UTC,261,21.88,44.57,9.26,3.29,77,551
2017-12-25 21:26:05 UTC,262,21.90,44.63,9.30,3.29,77,549
2017-12-25 21:27:13 UTC,263,21.75,45.01,9.29,3.29,77,552
2017-12-25 21:28:23 UTC,264,21.73,45.25,9.36,3.28,77,550
2017-12-25 21:29:32 UTC,265,21.55,45.69,9.33,3.28,77,550
2017-12-25 21:30:41 UTC,266,21.72,45.42,9.40,3.28,76,548
2017-12-25 21:31:52 UTC,267,21.83,45.26,9.45,3.28,76,550
2017-12-25 21:33:01 UTC,268,21.89,45.06,9.43,3.28,76,550
2017-12-25 21:34:11 UTC,269,21.97,44.94,9.47,3.28,76,550
2017-12-25 21:35:20 UTC,270,22.00,44.80,9.45,3.27,75,550
2017-12-25 21:36:30 UTC,271,22.00,44.80,9.45,3.27,76,550
2017-12-25 21:37:40 UTC,272,21.96,44.85,9.43,3.29,76,548
2017-12-25 21:38:49 UTC,273,21.97,44.89,9.45,3.28,76,550
2017-12-25 21:39:58 UTC,274,21.96,44.78,9.40,3.28,76,550
2017-12-25 21:41:08 UTC,275,22.03,44.69,9.44,3.28,76,548
2017-12-25 21:42:18 UTC,276,22.07,44.59,9.45,3.28,76,550
2017-12-25 21:43:27 UTC,277,22.03,44.62,9.41,3.27,76,548
2017-12-25 21:44:37 UTC,278,22.04,44.61,9.43,3.27,76,550
2017-12-25 21:45:49 UTC,279,22.06,44.51,9.40,3.28,75,550
2017-12-25 21:46:58 UTC,280,22.06,44.49,9.40,3.27,75,550
2017-12-25 21:48:08 UTC,281,22.06,44.44,9.38,3.27,75,549
2017-12-25 21:49:18 UTC,282,22.04,44.50,9.39,3.28,75,549
2017-12-25 21:50:27 UTC,283,22.06,44.46,9.39,3.27,76,549
2017-12-25 21:51:37 UTC,284,22.07,44.43,9.39,3.27,75,549
2017-12-25 21:52:49 UTC,285,22.04,44.42,9.36,3.27,75,548
2017-12-25 21:53:59 UTC,286,22.03,44.42,9.35,3.27,75,549
2017-12-25 21:55:11 UTC,287,21.99,44.48,9.33,3.27,73,547
2017-12-25 21:56:18 UTC,288,22.03,44.43,9.35,3.27,75,549
2017-12-25 21:57:30 UTC,289,22.00,44.49,9.35,3.28,73,547
2017-12-25 21:58:39 UTC,290,21.97,44.53,9.33,3.28,75,549
2017-12-25 21:59:48 UTC,291,22.01,44.44,9.34,3.27,75,549
2017-12-25 22:00:57 UTC,292,22.00,44.46,9.34,3.27,73,547
2017-12-25 22:02:06 UTC,293,21.95,44.53,9.31,3.27,75,549
2017-12-25 22:03:16 UTC,294,21.96,44.54,9.32,3.27,74,549
2017-12-25 22:04:25 UTC,295,21.95,44.54,9.31,3.26,75,548
2017-12-25 22:05:35 UTC,296,22.00,44.41,9.32,3.27,73,546
2017-12-25 22:06:44 UTC,297,21.97,44.37,9.28,3.26,73,547
2017-12-25 22:07:53 UTC,298,21.97,44.40,9.29,3.27,74,548
2017-12-25 22:09:05 UTC,299,22.00,44.32,9.29,3.26,74,548
2017-12-25 22:10:15 UTC,300,21.96,44.33,9.26,3.27,72,547
2017-12-25 22:11:27 UTC,301,21.88,44.52,9.24,3.26,74,547
2017-12-25 22:12:36 UTC,302,21.89,44.53,9.26,3.26,73,547
2017-12-25 22:13:46 UTC,303,21.89,44.49,9.25,3.26,72,547
2017-12-25 22:14:55 UTC,304,21.86,44.61,9.26,3.27,72,547
2017-12-25 22:16:08 UTC,305,21.89,44.45,9.23,3.25,73,546
2017-12-25 22:17:21 UTC,306,21.86,44.52,9.23,3.26,73,545
2017-12-25 22:18:27 UTC,307,21.85,44.46,9.19,3.26,72,547
2017-12-25 22:19:36 UTC,308,21.82,44.52,9.19,3.26,73,547
2017-12-25 22:20:48 UTC,309,21.79,44.56,9.18,3.26,73,547
2017-12-25 22:21:59 UTC,310,21.83,44.47,9.19,3.26,74,545
2017-12-25 22:23:10 UTC,311,21.76,44.60,9.17,3.26,74,545
2017-12-25 22:24:20 UTC,312,21.73,44.64,9.16,3.27,72,547
2017-12-25 22:25:31 UTC,313,21.75,44.59,9.15,3.26,72,546
2017-12-25 22:26:47 UTC,314,21.73,44.64,9.16,3.26,73,546
2017-12-25 22:27:59 UTC,315,21.80,44.43,9.15,3.26,72,544
2017-12-25 22:29:08 UTC,316,21.68,44.64,9.10,3.26,71,546
2017-12-25 22:30:17 UTC,317,21.68,44.73,9.13,3.26,73,547
2017-12-25 22:31:26 UTC,318,21.68,44.70,9.12,3.26,73,545
2017-12-25 22:32:36 UTC,319,21.73,44.60,9.14,3.26,72,546
2017-12-25 22:33:48 UTC,320,21.69,44.57,9.09,3.26,72,546
2017-12-25 22:34:56 UTC,321,21.64,44.65,9.07,3.26,72,546
2017-12-25 22:36:06 UTC,322,21.61,44.66,9.05,3.26,72,547
2017-12-25 22:37:18 UTC,323,21.61,44.66,9.05,3.24,72,546
2017-12-25 22:38:27 UTC,324,21.62,44.69,9.07,3.24,71,544
2017-12-25 22:39:39 UTC,325,21.52,44.82,9.02,3.24,73,546
2017-12-25 22:40:47 UTC,326,21.49,44.88,9.02,3.25,71,545
2017-12-25 22:41:57 UTC,327,21.51,44.82,9.01,3.25,72,544
2017-12-25 22:43:07 UTC,328,21.53,44.80,9.02,3.25,72,545
2017-12-25 22:44:18 UTC,329,21.33,45.21,8.97,3.25,72,545
2017-12-25 22:45:28 UTC,330,21.27,45.35,8.97,3.24,70,544
2017-12-25 22:46:40 UTC,331,21.18,45.48,8.93,3.24,71,544
2017-12-25 22:47:49 UTC,332,21.09,45.91,8.98,3.24,69,541
2017-12-25 22:48:59 UTC,333,21.11,45.90,9.01,3.24,72,544
2017-12-25 22:50:12 UTC,334,21.04,46.16,9.02,3.24,71,544
2017-12-25 22:51:21 UTC,335,21.10,46.22,9.10,3.24,70,541
2017-12-25 22:52:30 UTC,336,21.01,46.48,9.10,3.24,68,543
2017-12-25 22:53:43 UTC,337,20.87,46.85,9.09,3.23,69,541
2017-12-25 22:54:53 UTC,338,20.91,46.93,9.15,3.24,68,543
2017-12-25 22:56:02 UTC,339,20.89,46.94,9.13,3.24,69,541
2017-12-25 22:57:12 UTC,340,20.94,46.93,9.18,3.24,70,541
2017-12-25 22:58:22 UTC,341,20.90,46.94,9.14,3.23,69,542
2017-12-25 22:59:30 UTC,342,20.82,47.12,9.12,3.23,69,542
2017-12-25 23:00:43 UTC,343,20.93,47.00,9.19,3.24,72,541
2017-12-25 23:01:58 UTC,344,20.90,47.03,9.17,3.23,69,542
2017-12-25 23:03:06 UTC,345,21.03,46.69,9.18,3.23,69,542
2017-12-25 23:04:16 UTC,346,20.96,46.81,9.15,3.24,67,542
2017-12-25 23:05:26 UTC,347,20.97,47.03,9.23,3.22,69,544
2017-12-25 23:06:35 UTC,348,20.82,47.29,9.18,3.21,68,541
2017-12-25 23:07:45 UTC,349,20.75,47.70,9.24,3.23,68,542
2017-12-25 23:08:55 UTC,350,20.68,47.95,9.25,3.23,68,539
2017-12-25 23:10:03 UTC,351,20.82,47.76,9.33,3.23,68,540
2017-12-25 23:11:14 UTC,352,20.65,48.11,9.28,3.22,67,541
2017-12-25 23:12:23 UTC,353,20.51,48.36,9.22,3.22,68,538
2017-12-25 23:13:35 UTC,354,20.44,48.48,9.20,3.22,68,540
2017-12-25 23:14:44 UTC,355,20.28,48.84,9.17,3.23,66,539
2017-12-25 23:15:54 UTC,356,20.25,48.84,9.14,3.21,68,540
2017-12-25 23:17:04 UTC,357,20.28,48.78,9.15,3.22,67,538
2017-12-25 23:18:16 UTC,358,20.34,48.54,9.12,3.23,67,539
2017-12-25 23:19:25 UTC,359,20.29,48.64,9.12,3.21,66,540
2017-12-25 23:20:35 UTC,360,20.28,48.82,9.16,3.21,67,539
2017-12-25 23:21:45 UTC,361,20.24,48.80,9.11,3.22,66,539
2017-12-25 23:22:54 UTC,362,20.39,48.67,9.22,3.21,67,540
2017-12-25 23:24:06 UTC,363,20.25,49.02,9.20,3.21,67,539
2017-12-25 23:25:17 UTC,364,20.24,49.01,9.18,3.20,65,537
2017-12-25 23:26:27 UTC,365,20.20,49.02,9.15,3.21,67,538
2017-12-25 23:27:37 UTC,366,20.18,49.12,9.16,3.21,67,539
2017-12-25 23:28:49 UTC,367,20.13,49.41,9.20,3.21,65,539
2017-12-25 23:29:56 UTC,368,20.09,49.57,9.21,3.21,66,539
2017-12-25 23:31:05 UTC,369,20.07,49.60,9.20,3.21,64,538
2017-12-25 23:32:14 UTC,370,20.11,49.40,9.18,3.20,65,538
2017-12-25 23:33:23 UTC,371,20.14,49.45,9.22,3.20,67,538
2017-12-25 23:34:33 UTC,372,20.16,49.39,9.22,3.21,66,537
2017-12-25 23:35:42 UTC,373,20.21,49.35,9.26,3.21,67,538
2017-12-25 23:36:52 UTC,374,20.25,49.47,9.33,3.21,65,540
2017-12-25 23:38:02 UTC,375,20.16,49.63,9.29,3.20,66,538
2017-12-25 23:39:12 UTC,376,20.10,49.99,9.34,3.20,66,538
2017-12-25 23:40:23 UTC,377,20.11,49.91,9.33,3.21,65,538
2017-12-25 23:41:34 UTC,378,20.10,49.91,9.32,3.21,66,538
2017-12-25 23:42:47 UTC,379,20.03,49.95,9.27,3.20,69,535
2017-12-25 23:43:53 UTC,380,20.13,51.41,9.79,3.19,63,538
2017-12-25 23:45:08 UTC,381,20.14,49.88,9.35,3.19,63,539
2017-12-25 23:46:17 UTC,382,20.14,50.16,9.43,3.21,65,539
2017-12-25 23:47:26 UTC,383,20.18,49.87,9.39,3.20,63,534
2017-12-25 23:48:38 UTC,384,20.51,51.39,10.13,3.20,65,537
2017-12-25 23:49:47 UTC,385,20.63,48.83,9.49,3.21,66,537
2017-12-25 23:50:57 UTC,386,20.35,49.52,9.43,3.20,66,537
2017-12-25 23:52:09 UTC,387,20.42,49.59,9.52,3.20,65,537
2017-12-25 23:53:16 UTC,388,20.56,49.80,9.71,3.19,63,537
2017-12-25 23:54:25 UTC,389,20.86,48.79,9.68,3.19,65,537
2017-12-25 23:55:34 UTC,390,20.86,48.43,9.57,3.19,65,537
2017-12-25 23:56:43 UTC,391,20.56,49.16,9.52,3.20,65,537
2017-12-25 23:57:58 UTC,392,20.73,48.91,9.60,3.19,64,536
2017-12-25 23:59:12 UTC,393,20.61,49.38,9.63,3.20,63,535
2017-12-26 00:00:24 UTC,394,20.58,49.40,9.61,3.20,63,536
2017-12-26 00:01:34 UTC,395,20.52,49.44,9.57,3.19,63,536
2017-12-26 00:02:44 UTC,396,20.31,49.60,9.42,3.18,63,537
2017-12-26 00:03:53 UTC,397,20.13,50.08,9.40,3.18,63,536
2017-12-26 00:05:07 UTC,398,20.10,50.18,9.40,3.18,63,534
2017-12-26 00:06:13 UTC,399,20.06,50.30,9.40,3.18,62,536
2017-12-26 00:07:24 UTC,400,20.29,49.76,9.46,3.19,63,538
2017-12-26 00:08:33 UTC,401,20.09,50.09,9.36,3.18,63,531
2017-12-26 00:09:43 UTC,402,20.13,50.12,9.41,3.18,63,532
2017-12-26 00:10:53 UTC,403,20.01,50.28,9.35,3.17,63,531
2017-12-26 00:12:03 UTC,404,20.27,49.89,9.47,3.18,60,530
2017-12-26 00:13:17 UTC,405,20.27,49.85,9.46,3.18,62,533
2017-12-26 00:14:30 UTC,406,20.41,49.69,9.54,3.17,61,533
2017-12-26 00:15:43 UTC,407,20.32,49.67,9.46,3.16,61,532
2017-12-26 00:16:56 UTC,408,20.00,50.61,9.44,3.17,59,531
2017-12-26 00:18:08 UTC,409,19.93,50.80,9.43,3.17,59,531
2017-12-26 00:19:20 UTC,410,20.11,50.45,9.49,3.15,60,532
2017-12-26 00:20:32 UTC,411,20.01,50.70,9.48,3.14,56,535
2017-12-26 00:21:42 UTC,412,20.13,50.48,9.51,3.15,59,529
2017-12-26 00:22:51 UTC,413,20.34,49.98,9.56,3.15,59,528
2017-12-26 00:24:01 UTC,414,20.25,49.99,9.49,3.13,56,527
2017-12-26 00:25:11 UTC,415,20.27,49.99,9.50,3.14,55,526
2017-12-26 00:26:20 UTC,416,20.23,50.27,9.54,3.13,56,528
2017-12-26 00:27:35 UTC,417,20.24,50.05,9.49,3.13,54,524
2017-12-26 00:28:46 UTC,418,20.01,50.34,9.37,3.11,54,523
2017-12-26 00:29:56 UTC,419,19.87,50.64,9.33,3.12,53,522
2017-12-26 00:31:05 UTC,420,19.86,50.68,9.33,3.10,53,521
2017-12-26 00:32:15 UTC,421,19.84,50.73,9.33,3.10,51,520
2017-12-26 00:33:25 UTC,422,19.83,50.74,9.32,3.10,51,520
2017-12-26 00:34:33 UTC,423,19.87,50.71,9.35,3.09,49,519
2017-12-26 00:35:43 UTC,424,19.91,50.43,9.30,3.08,49,517
2017-12-26 00:36:53 UTC,425,19.86,50.50,9.27,3.08,48,516
2017-12-26 00:38:03 UTC,426,19.79,50.59,9.23,3.06,46,515
2017-12-26 00:39:16 UTC,427,19.79,50.50,9.21,3.06,45,514
2017-12-26 00:40:28 UTC,428,19.74,50.56,9.19,3.05,44,510
2017-12-26 00:41:39 UTC,429,19.87,50.16,9.18,3.04,43,510
2017-12-26 00:42:48 UTC,430,20.16,49.65,9.30,3.03,41,508
2017-12-26 00:43:58 UTC,431,20.03,49.84,9.24,3.02,41,507
2017-12-26 00:45:08 UTC,432,19.90,50.26,9.24,3.02,40,507
2017-12-26 00:46:17 UTC,433,19.99,49.95,9.23,3.01,38,504
2017-12-26 00:47:31 UTC,434,19.86,50.25,9.20,2.99,36,502
2017-12-26 00:48:39 UTC,435,19.89,50.10,9.18,2.98,35,501
2017-12-26 00:49:49 UTC,436,20.06,49.87,9.27,2.98,34,499
2017-12-26 00:51:02 UTC,437,19.94,50.24,9.27,2.96,31,497
2017-12-26 00:52:11 UTC,438,19.99,49.91,9.22,2.95,31,495
2017-12-26 00:53:22 UTC,439,19.99,49.94,9.23,2.93,28,492
2017-12-26 00:54:32 UTC,440,19.94,50.06,9.22,2.92,27,490
2017-12-26 00:55:41 UTC,441,20.03,49.81,9.23,2.91,25,488
2017-12-26 00:56:54 UTC,442,19.84,50.25,9.19,2.89,22,485
2017-12-26 00:58:00 UTC,443,19.77,50.43,9.18,2.88,21,482
2017-12-26 00:59:09 UTC,444,19.82,50.46,9.22,2.86,18,480
2017-12-26 01:00:19 UTC,445,19.77,50.50,9.20,2.83,14,476
2017-12-26 01:01:28 UTC,446,19.91,50.16,9.22,2.82,13,472
2017-12-26 01:02:38 UTC,447,19.86,50.31,9.22,2.78,9,469
2017-12-26 01:03:48 UTC,448,19.82,50.23,9.15,2.76,5,464
2017-12-26 01:04:57 UTC,449,19.91,50.09,9.20,2.74,1,459
2017-12-26 01:06:07 UTC,450,19.82,50.32,9.18,2.71,-2,454
2017-12-26 01:07:16 UTC,451,19.77,50.41,9.17,2.67,-7,448
2017-12-26 01:08:25 UTC,452,19.86,50.22,9.19,2.62,-14,439
2017-12-26 01:09:35 UTC,453,19.82,50.23,9.15,2.54,-25,426
2017-12-26 01:10:44 UTC,454,19.83,50.14,9.14,2.41,-43,404
2017-12-26 01:11:54 UTC,455,19.56,50.80,9.09,2.17,-75,365
2017-12-26 19:29:37 UTC,456,nan,nan,nan,0.16,-358,17
2017-12-26 19:30:51 UTC,457,nan,nan,nan,2.12,-81,357
2017-12-26 19:41:39 UTC,458,nan,nan,nan,2.40,-61,372
2017-12-27 09:19:59 UTC,459,0,,,,,
